Model,Baseline CV RMSE,Baseline Test RMSE,Baseline Test R2,Tuned Test RMSE,Tuned Test R2,Tuned CV RMSE,CV RMSE Improvement,Test RMSE Improvement
Random Forest,1.306844620234474,1.1800651853464104,0.9549351368829376,1.2071248542488067,0.9528447073487609,1.3015404052250497,0.00530421500942424,-0.027059668902396306
XGBoost,1.4661484568025227,1.2212464191461156,0.951734960364608,1.171472193765077,0.9555890534393675,1.3584158681804723,0.10773258862205037,0.049774225381038706
Lasso Regression,1.6789103152613791,1.70502978276369,0.905921583370456,1.7117675228539946,0.905176577782095,1.6729204899972863,0.005989825264092863,-0.006737740090304589
Ridge Regression,1.680486083696064,1.7074302367919387,0.905656497227886,1.7074302367919387,0.9056564972278859,1.680486083696064,0.0,0.0
Decision Tree,1.7586878970753006,1.8444511378727275,0.8899068317956319,1.2588544078230746,0.9487165693099733,1.6096587708561096,0.14902912621919095,0.585596730049653
