Reallocation,Source Channel,Destination Channel,Transferred Budget,TV,Radio,Newspaper,Total Budget,Predicted Sales,Sales Change,Sales Change (%)
Newspaper → TV,Newspaper,TV,20.08605,167.12855,23.264000000000006,10.467949999999995,200.8605,17.246496428571433,3.219496428571441,22.95213822322266
Newspaper → Radio,Newspaper,Radio,20.08605,147.0425,43.35005000000001,10.467949999999995,200.8605,16.406000000000002,2.37900000000001,16.960148285449574
Radio → TV,Radio,TV,20.08605,167.12855,3.1779500000000063,30.553999999999995,200.8605,16.140000000000015,2.1130000000000226,15.063805517929877
TV → Radio,TV,Radio,20.08605,126.95644999999999,43.35005000000001,30.553999999999995,200.8605,15.747000000000003,1.7200000000000113,12.262066015541544
TV → Newspaper,TV,Newspaper,20.08605,126.95644999999999,23.264000000000006,50.640049999999995,200.8605,13.549458333333337,-0.47754166666665476,-3.404446187115242
Radio → Newspaper,Radio,Newspaper,20.08605,147.0425,3.1779500000000063,50.640049999999995,200.8605,11.768000000000002,-2.2589999999999897,-16.104655307620952
