Channel,Average Budget,Median Budget,Minimum Budget,Maximum Budget,Total Budget
TV,147.0425,149.75,0.7,296.4,29408.5
Radio,23.264000000000006,22.9,0.0,49.6,4652.800000000001
Newspaper,30.553999999999995,25.75,0.3,114.0,6110.799999999999
