Channel,Average Budget,Total Budget,Correlation with Sales,Model Strength,Correlation Rank,Model Rank
TV,147.0425,29408.5,0.9012079133023315,0.8453220980719799,1,1
Radio,23.264000000000006,4652.800000000001,0.34963109700766926,0.1367684265834991,2,2
Newspaper,30.553999999999995,6110.799999999999,0.15796002615492621,0.0179094753445208,3,3
