Feature,Importance
TV,0.8453220980719799
Radio,0.13676842658349916
Newspaper,0.01790947534452087
