Model,Train R2,Test R2,R2 Gap,Test MAE,Test RMSE,Test MAPE (%),CV Mean R2,CV R2 Std,CV Mean MAE,CV Mean RMSE,CV RMSE Std,Training Time (Seconds)
Random Forest,0.9917238722229911,0.9549351368829375,0.03678873534005356,0.903091666666664,1.1800651853464104,7.488130457789681,0.9320803354142729,0.016600629417318494,0.9503979166666706,1.3068446202344741,0.23317637061720828,5.470466000027955
XGBoost,0.9941740664052156,0.951734960364608,0.04243910604060752,0.9257508182525633,1.2212464191461156,7.735958985341637,0.9123531445255291,0.02642734206478087,1.1080954039096833,1.4661484568025227,0.22758568941101995,1.337825199996587
Lasso Regression,0.9001328686561563,0.9059215833704561,-0.00578871471429987,1.2725128416472888,1.70502978276369,10.871864970375618,0.8797073971988277,0.054538681492928176,1.277662410692082,1.6789103152613791,0.2786929358369338,7.220277599990368
Ridge Regression,0.9001086861809533,0.9056564972278859,-0.0055478110469325825,1.2734471720192522,1.7074302367919387,10.90545324363901,0.8796376511021924,0.054196910112420234,1.2790678848407346,1.680486083696064,0.2810078816713356,23.411603200016543
Linear Regression,0.9001416005862131,0.9059011844150826,-0.005759583828869541,1.2748262109549346,1.7052146229349232,10.880888971170652,0.8792707526938133,0.055254114385516716,1.2781956510785752,1.6808217960041294,0.2824913560416304,8.037649100006092
Decision Tree,1.0,0.8899068317956319,0.1100931682043681,1.24,1.8444511378727275,11.478048363717793,0.8784166594469671,0.0071557456350415756,1.249375,1.7586878970753006,0.19988591916604664,0.5053834000136703
