Scenario,TV,Radio,Newspaper,Total Budget,Predicted Sales,Sales Change,Sales Change (%)
Baseline,147.0425,23.264000000000006,30.553999999999995,200.8605,14.026999999999996,3.552713678800501e-15,2.5327680037074947e-14
Increase TV by 20%,176.451,23.264000000000006,30.553999999999995,230.269,16.829696428571424,2.8026964285714318,19.98072594689836
Increase Radio by 20%,147.0425,27.916800000000006,30.553999999999995,205.5133,14.798999999999994,0.772000000000002,5.503671490696531
Increase Newspaper by 20%,147.0425,23.264000000000006,36.66479999999999,206.97129999999999,14.186000000000002,0.15900000000000958,1.1335281956227965
