Model,CV Mean R2,CV R2 Std,CV Mean MAE,CV MAE Std,CV Mean RMSE,CV RMSE Std
Random Forest,0.932767936098333,0.01260665719952226,0.9520072165161219,0.10835614862684695,1.3015404052250497,0.19265117940156365
XGBoost,0.9248290920184059,0.020592545077355254,1.0192686745524404,0.10432011165460653,1.3584158681804723,0.19110417157238524
Decision Tree,0.8980535152259732,0.008146161993440438,1.2284297969187676,0.1494023489239853,1.6096587708561096,0.18297831590754113
Lasso Regression,0.8820356069805747,0.04873861757979417,1.2825513150018044,0.1418964806285153,1.6729204899972863,0.25456682045800877
Ridge Regression,0.8796376511021924,0.054196910112420234,1.2790678848407346,0.16425868855128256,1.680486083696064,0.2810078816713356
