Model,Best Parameters,Best CV RMSE,Train R2,Test R2,R2 Gap,Test MAE,Test RMSE,Test MAPE (%),Search Time (Seconds)
Random Forest,"{'max_depth': 10, 'max_features': 1.0, 'min_samples_leaf': 1, 'min_samples_split': 2, 'n_estimators': 100}",1.3157210583395706,0.991368203840991,0.9528447073487609,0.03852349649223008,0.921400992063492,1.2071248542488067,7.6562576759880585,79.2565155000193
XGBoost,"{'colsample_bytree': 1.0, 'learning_rate': 0.05, 'max_depth': 3, 'n_estimators': 200, 'subsample': 0.8}",1.3717924315715095,0.9907121543817795,0.9555890534393675,0.035123100942412,0.8798872888088226,1.171472193765077,7.7717746217941945,9.616931099968497
Decision Tree,"{'max_depth': 5, 'max_features': None, 'min_samples_leaf': 4, 'min_samples_split': 2}",1.6200254389009954,0.9596089132170744,0.9487165693099733,0.010892343907101143,0.9844146825396827,1.2588544078230746,8.116079659739354,2.8799549999530427
Lasso Regression,{'model__alpha': 0.1},1.6921782506375804,0.8992680796837267,0.905176577782095,-0.005908498098368353,1.270139167286177,1.7117675228539946,10.92644747513106,0.5787809999892488
Ridge Regression,{'model__alpha': 1.0},1.7038189185055868,0.9001086861809533,0.9056564972278859,-0.0055478110469325825,1.2734471720192522,1.7074302367919387,10.90545324363901,0.5819215000374243
