Model,MAE,RMSE,R2 Score
XGBoost Regressor,0.45194436811437505,0.6614333689164548,0.7646799639510827
Random Forest Regressor,0.4349217171717173,0.6770209076117474,0.7534580279272751
Gradient Boosting Regressor,0.4870685445324782,0.6942208929666839,0.740771907638746
Linear Regression,0.544592197789741,0.7457271708540415,0.7008791830218395
Baseline Mean Model,1.1072005074422202,1.364534778211662,-0.0015114582746571514
